,UHID,Time_Entered_in System,Screen_Processing_Q_Length,Screen_reporting_Q_Length,Time_at_screening_result,Colposcopy_Q_Length,Time_at_colposcopy,Biopsy_Processing_Q_Length,Biopsy_Reporting_Q_Length,Treatment_Q_length,Time_at_treatment,History_and_Examination_time,Screen_processing_time,Screen_reporting_time,Biopsy_processing_time,Biopsy_reporting_time,Colposcopy_time,Treatment_time,Exit_time
1,,65.19401017414549,0.0,0.0,0.0,0.0,0.0,0.0,0.0,0.0,0.0,20.58024308074486,40.74259438643844,0.0,0.0,0.0,0.0,0.0,88.29951570613724
3,,137.49131686837143,0.0,0.0,0.0,0.0,0.0,0.0,0.0,0.0,0.0,27.21051469019514,21.948000525166975,0.0,0.0,0.0,0.0,0.0,163.88715954340148
5,,192.4029078400034,0.0,0.0,0.0,0.0,0.0,0.0,0.0,0.0,0.0,26.299909349297522,36.81349520913243,34.038956322998075,0.0,0.0,0.0,0.0,200.47913959278128
5,,192.4029078400034,0.0,0.0,201.51532676769898,0.0,0.0,0.0,0.0,0.0,0.0,26.299909349297522,24.440533408093742,0.0,0.0,0.0,0.0,0.0,231.1487445720106
5,,192.4029078400034,0.0,0.0,243.14335059739466,0.0,0.0,0.0,0.0,0.0,0.0,26.299909349297522,24.440533408093742,37.548355284827835,0.0,0.0,0.0,0.0,268.9114015587872
5,,192.4029078400034,0.0,0.0,243.14335059739466,0.0,0.0,0.0,0.0,0.0,0.0,26.299909349297522,24.440533408093742,37.548355284827835,0.0,0.0,0.0,0.0,280.6917058822225
9,,451.97583380887994,0.0,0.0,0.0,0.0,0.0,0.0,0.0,0.0,0.0,22.396408898915475,39.03482230297489,0.0,0.0,0.0,0.0,0.0,469.30506478687465
10,,478.8341661235409,0.0,0.0,504.26091622592315,0.0,0.0,0.0,0.0,0.0,0.0,23.538938315475455,34.98398816921102,23.405356254278725,0.0,0.0,0.0,0.0,514.4891817735804
10,,478.8341661235409,0.0,0.0,504.26091622592315,0.0,0.0,0.0,0.0,0.0,0.0,23.538938315475455,34.98398816921102,23.405356254278725,0.0,0.0,0.0,0.0,516.7366797530789
10,,478.8341661235409,0.0,0.0,504.26091622592315,0.0,0.0,0.0,0.0,0.0,0.0,23.538938315475455,34.98398816921102,23.405356254278725,0.0,0.0,0.0,0.0,527.6662724802019
10,,478.8341661235409,0.0,0.0,537.3570926082274,0.0,0.0,0.0,0.0,0.0,0.0,23.538938315475455,34.98398816921102,35.81495781387638,0.0,0.0,0.0,0.0,573.1720504221038
12,,662.1039357852349,0.0,0.0,712.2849239603366,0.0,0.0,0.0,0.0,0.0,0.0,33.81856530580143,16.362422869300275,28.505499861296144,0.0,0.0,0.0,0.0,723.2288803149236
12,,662.1039357852349,0.0,0.0,712.2849239603366,0.0,0.0,0.0,0.0,0.0,0.0,33.81856530580143,16.362422869300275,28.505499861296144,0.0,0.0,0.0,0.0,740.7904238216328
14,,842.177089175684,0.0,0.0,894.2584346149231,0.0,0.0,0.0,0.0,0.0,0.0,21.445171008248224,30.63617443099088,36.47508661343818,0.0,0.0,0.0,0.0,908.9246295751401
15,,911.1366387558637,0.0,0.0,0.0,0.0,0.0,0.0,0.0,0.0,0.0,23.85260825738319,30.63617443099088,36.47508661343818,0.0,0.0,0.0,0.0,930.7335212283613
